﻿Designator,Quantity,Value,Footprint,Package,MPN,DNP,Mount_Type,Description,LCSC Part
C1,1,100uF,C_0603_1608Metric,,,,smt,Unpolarized capacitor,
D1,1,D_Schottky,SMA_L4.3-W2.6-LS5.0-RD,,,,smt,Schottky diode,
L1,1,33uH,IND-SMD_L7.1-W6.6,,,,smt,Inductor,
"LED1, LED10, LED11, LED12, LED13, LED14, LED15, LED16, LED17, LED18, LED19, LED2, LED20, LED21, LED22, LED23, LED24, LED25, LED26, LED27, LED28, LED29, LED3, LED30, LED31, LED32, LED33, LED34, LED35, LED36, LED37, LED38, LED39, LED4, LED40, LED41, LED42, LED43, LED44, LED45, LED46, LED47, LED48, LED5, LED6, LED7, LED8, LED9",48,XL-2835UWC-02,LED-SMD_L3.5-W2.8-RD_1.25T-2PWT,,,,smt,,C2843876
"R1, R10, R11, R12, R13, R14, R15, R16, R2, R3, R4, R5, R6, R7, R8, R9",16,1R,R_0603_1608Metric,,,,smt,Resistor,
Rs1,1,0R1,R_0603_1608Metric,,,,smt,Resistor,
U1,1,PT4115,SOT-89-5_L4.5-W2.5-P1.50-LS4.5-BR,,,,smt,,C347356
