﻿pos_x,pos_y,rotation,side,designator,mpn,pack,footprint,value,mount_type
138.0,-98.0,180.0,bottom,C1,,,C_0603_1608Metric,100uF,smt
166.0,-93.0,0.0,bottom,D1,,,SMA_L4.3-W2.6-LS5.0-RD,D_Schottky,smt
175.0,-97.0,0.0,bottom,L1,,,IND-SMD_L7.1-W6.6,33uH,smt
94.0,-58.86,90.0,top,LED1,,,LED-SMD_L3.5-W2.8-RD_1.25T-2PWT,XL-2835UWC-02,smt
142.0,-58.86,90.0,top,LED10,,,LED-SMD_L3.5-W2.8-RD_1.25T-2PWT,XL-2835UWC-02,smt
142.0,-74.86,90.0,top,LED11,,,LED-SMD_L3.5-W2.8-RD_1.25T-2PWT,XL-2835UWC-02,smt
142.0,-90.86,90.0,top,LED12,,,LED-SMD_L3.5-W2.8-RD_1.25T-2PWT,XL-2835UWC-02,smt
158.0,-58.86,90.0,top,LED13,,,LED-SMD_L3.5-W2.8-RD_1.25T-2PWT,XL-2835UWC-02,smt
158.0,-74.86,90.0,top,LED14,,,LED-SMD_L3.5-W2.8-RD_1.25T-2PWT,XL-2835UWC-02,smt
158.0,-90.86,90.0,top,LED15,,,LED-SMD_L3.5-W2.8-RD_1.25T-2PWT,XL-2835UWC-02,smt
174.0,-58.86,90.0,top,LED16,,,LED-SMD_L3.5-W2.8-RD_1.25T-2PWT,XL-2835UWC-02,smt
174.0,-74.86,90.0,top,LED17,,,LED-SMD_L3.5-W2.8-RD_1.25T-2PWT,XL-2835UWC-02,smt
174.0,-90.86,90.0,top,LED18,,,LED-SMD_L3.5-W2.8-RD_1.25T-2PWT,XL-2835UWC-02,smt
190.0,-58.86,90.0,top,LED19,,,LED-SMD_L3.5-W2.8-RD_1.25T-2PWT,XL-2835UWC-02,smt
94.0,-74.86,90.0,top,LED2,,,LED-SMD_L3.5-W2.8-RD_1.25T-2PWT,XL-2835UWC-02,smt
190.0,-74.86,90.0,top,LED20,,,LED-SMD_L3.5-W2.8-RD_1.25T-2PWT,XL-2835UWC-02,smt
190.0,-90.86,90.0,top,LED21,,,LED-SMD_L3.5-W2.8-RD_1.25T-2PWT,XL-2835UWC-02,smt
206.0,-58.86,90.0,top,LED22,,,LED-SMD_L3.5-W2.8-RD_1.25T-2PWT,XL-2835UWC-02,smt
206.0,-74.86,90.0,top,LED23,,,LED-SMD_L3.5-W2.8-RD_1.25T-2PWT,XL-2835UWC-02,smt
206.0,-90.86,90.0,top,LED24,,,LED-SMD_L3.5-W2.8-RD_1.25T-2PWT,XL-2835UWC-02,smt
94.0,-106.86,90.0,top,LED25,,,LED-SMD_L3.5-W2.8-RD_1.25T-2PWT,XL-2835UWC-02,smt
94.0,-122.86,90.0,top,LED26,,,LED-SMD_L3.5-W2.8-RD_1.25T-2PWT,XL-2835UWC-02,smt
94.0,-138.86,90.0,top,LED27,,,LED-SMD_L3.5-W2.8-RD_1.25T-2PWT,XL-2835UWC-02,smt
110.0,-106.86,90.0,top,LED28,,,LED-SMD_L3.5-W2.8-RD_1.25T-2PWT,XL-2835UWC-02,smt
110.0,-122.86,90.0,top,LED29,,,LED-SMD_L3.5-W2.8-RD_1.25T-2PWT,XL-2835UWC-02,smt
94.0,-90.86,90.0,top,LED3,,,LED-SMD_L3.5-W2.8-RD_1.25T-2PWT,XL-2835UWC-02,smt
110.0,-138.86,90.0,top,LED30,,,LED-SMD_L3.5-W2.8-RD_1.25T-2PWT,XL-2835UWC-02,smt
126.0,-106.86,90.0,top,LED31,,,LED-SMD_L3.5-W2.8-RD_1.25T-2PWT,XL-2835UWC-02,smt
126.0,-122.86,90.0,top,LED32,,,LED-SMD_L3.5-W2.8-RD_1.25T-2PWT,XL-2835UWC-02,smt
126.0,-138.86,90.0,top,LED33,,,LED-SMD_L3.5-W2.8-RD_1.25T-2PWT,XL-2835UWC-02,smt
142.0,-106.86,90.0,top,LED34,,,LED-SMD_L3.5-W2.8-RD_1.25T-2PWT,XL-2835UWC-02,smt
142.0,-122.86,90.0,top,LED35,,,LED-SMD_L3.5-W2.8-RD_1.25T-2PWT,XL-2835UWC-02,smt
142.0,-138.86,90.0,top,LED36,,,LED-SMD_L3.5-W2.8-RD_1.25T-2PWT,XL-2835UWC-02,smt
158.0,-106.86,90.0,top,LED37,,,LED-SMD_L3.5-W2.8-RD_1.25T-2PWT,XL-2835UWC-02,smt
158.0,-122.86,90.0,top,LED38,,,LED-SMD_L3.5-W2.8-RD_1.25T-2PWT,XL-2835UWC-02,smt
158.0,-138.86,90.0,top,LED39,,,LED-SMD_L3.5-W2.8-RD_1.25T-2PWT,XL-2835UWC-02,smt
110.0,-58.86,90.0,top,LED4,,,LED-SMD_L3.5-W2.8-RD_1.25T-2PWT,XL-2835UWC-02,smt
174.0,-106.86,90.0,top,LED40,,,LED-SMD_L3.5-W2.8-RD_1.25T-2PWT,XL-2835UWC-02,smt
174.0,-122.86,90.0,top,LED41,,,LED-SMD_L3.5-W2.8-RD_1.25T-2PWT,XL-2835UWC-02,smt
174.0,-138.86,90.0,top,LED42,,,LED-SMD_L3.5-W2.8-RD_1.25T-2PWT,XL-2835UWC-02,smt
190.0,-106.86,90.0,top,LED43,,,LED-SMD_L3.5-W2.8-RD_1.25T-2PWT,XL-2835UWC-02,smt
190.0,-122.86,90.0,top,LED44,,,LED-SMD_L3.5-W2.8-RD_1.25T-2PWT,XL-2835UWC-02,smt
190.0,-138.86,90.0,top,LED45,,,LED-SMD_L3.5-W2.8-RD_1.25T-2PWT,XL-2835UWC-02,smt
206.0,-106.86,90.0,top,LED46,,,LED-SMD_L3.5-W2.8-RD_1.25T-2PWT,XL-2835UWC-02,smt
206.0,-122.86,90.0,top,LED47,,,LED-SMD_L3.5-W2.8-RD_1.25T-2PWT,XL-2835UWC-02,smt
206.0,-138.86,90.0,top,LED48,,,LED-SMD_L3.5-W2.8-RD_1.25T-2PWT,XL-2835UWC-02,smt
110.0,-74.86,90.0,top,LED5,,,LED-SMD_L3.5-W2.8-RD_1.25T-2PWT,XL-2835UWC-02,smt
110.0,-90.86,90.0,top,LED6,,,LED-SMD_L3.5-W2.8-RD_1.25T-2PWT,XL-2835UWC-02,smt
126.0,-58.86,90.0,top,LED7,,,LED-SMD_L3.5-W2.8-RD_1.25T-2PWT,XL-2835UWC-02,smt
126.0,-74.86,90.0,top,LED8,,,LED-SMD_L3.5-W2.8-RD_1.25T-2PWT,XL-2835UWC-02,smt
126.0,-90.86,90.0,top,LED9,,,LED-SMD_L3.5-W2.8-RD_1.25T-2PWT,XL-2835UWC-02,smt
94.0,-55.0,-90.0,top,R1,,,R_0603_1608Metric,1R,smt
110.0,-103.0,-90.0,top,R10,,,R_0603_1608Metric,1R,smt
126.0,-103.0,-90.0,top,R11,,,R_0603_1608Metric,1R,smt
142.0,-103.0,-90.0,top,R12,,,R_0603_1608Metric,1R,smt
158.0,-103.0,-90.0,top,R13,,,R_0603_1608Metric,1R,smt
174.0,-103.0,-90.0,top,R14,,,R_0603_1608Metric,1R,smt
190.0,-103.0,-90.0,top,R15,,,R_0603_1608Metric,1R,smt
206.0,-103.0,-90.0,top,R16,,,R_0603_1608Metric,1R,smt
110.0,-55.0,-90.0,top,R2,,,R_0603_1608Metric,1R,smt
126.0,-55.0,-90.0,top,R3,,,R_0603_1608Metric,1R,smt
142.0,-55.0,-90.0,top,R4,,,R_0603_1608Metric,1R,smt
158.0,-55.0,-90.0,top,R5,,,R_0603_1608Metric,1R,smt
174.0,-55.0,-90.0,top,R6,,,R_0603_1608Metric,1R,smt
190.0,-55.0,-90.0,top,R7,,,R_0603_1608Metric,1R,smt
206.0,-55.0,-90.0,top,R8,,,R_0603_1608Metric,1R,smt
94.0,-103.0,-90.0,top,R9,,,R_0603_1608Metric,1R,smt
158.175,-97.0,180.0,bottom,Rs1,,,R_0603_1608Metric,0R1,smt
165.66,-98.0,0.0,bottom,U1,,,SOT-89-5_L4.5-W2.5-P1.50-LS4.5-BR,PT4115,smt
